design_id,design_label,w_cost,w_gwp,w_profit,b,c,r_cruise,r_hover,V_cruise,V_climb,c_charge,TOC_flight,GWP_flight,GWP_annual_ops,Annual_Profit,FoM,FoM_energy_rating,FoM_cost_rating,FoM_co2_rating,FoM_time_rating,Cost_Rating_Norm,GWP_Rating_Norm,Profit_Rating_Norm,Profit_Utility,Utility,Utility_Norm_star_at_design_scenario,AR,CL_cruise,CL_climb,Gamma_deg,SPL_hover,MTOM,m_battery,m_empty,P_req_total_hover,P_req_total_climb,P_req_total_cruise,E_total_req,E_trip,E_hover,E_climb,E_reserve,C_rate_hover,C_rate_climb,C_rate_cruise,C_rate_avg,DOD,n_battery_lifecycle,RPM_hover,FC_a
0,scenario_0,0.0,0.0,1.0,11.49729023904989,1.14972902390499,1.114471261320292,1.6653817065083154,77.86895043312471,52.45781695920256,3.999999999999999,124.83316707620564,57.626604076742595,321580.0796288223,1407149.6814692805,-0.43999357099117575,0.578998164666186,-0.37635538062733154,-0.50363176135502,1.6190165437394948,0.26098985041567496,-0.00013061228950100954,0.9999999534736658,0.8545715419464461,0.8545715419464461,0.9999999534736658,9.999999999999991,0.47330094028176306,1.0389384242357933,5.000000000000003,77.00000232707029,2368.6128702664514,860.8725287026869,1114.9403415637653,601246.2025978923,281235.671459312,200668.32259289298,137739.60459242994,70850.16372813228,10020.770043298206,20571.868560449675,66889.44086429766,2.7936596072078403,1.3067471063718434,0.9323950568862733,1.060687633370075,0.32920164770457555,870.6001453628795,832.7836453044105,5580.4100342363945
1,scenario_1,0.0,0.2,0.8,10.70108742545408,1.0701087425454074,1.106019671478846,1.5326812375756798,70.89671737209983,52.457816959202546,4.0,113.21434457039788,45.777293255842885,239334.61210562458,1379092.5228266318,-0.18562575563273412,0.659409589015155,-0.24378265100215368,-0.18562575563273412,1.597131823925469,0.6475366102070037,0.32202610964724143,0.9661205772783052,0.8193628338148106,0.6183651159253017,0.8373016837520926,10.000000000000005,0.578045159653568,1.0518112761014782,5.0000000000000036,77.00001504158439,2077.336888343353,672.3539392263816,1012.1829491169752,536578.8716358942,244217.111742939,145877.8039454624,107576.63027622107,58950.6956277336,8942.98119393157,17864.029470085352,48625.93464848747,3.192240516971095,1.4529080443787572,0.8678631621512389,1.0242022841738427,0.3507122792829203,892.8922166496236,920.794061037252,5228.238610964107
2,scenario_2,0.0,0.4,0.6,10.291265063232652,1.0291265063232653,1.1292792342034783,1.4643775105387753,65.40533258748971,52.457816959202574,3.234674464920538,105.21513769296514,35.454615214799155,166800.203470215,1278604.6515148121,0.09140922655369996,0.6979021919711598,-0.1525103478020948,0.09140922655369996,1.5766106531934763,0.91366232973035,0.6026770411297305,0.8447801935778293,0.6932613929365763,0.4525205263834257,0.7479389325985898,10.0,0.6833128428370925,1.0582047323186472,5.0,77.00006135083063,1932.9495273056461,580.4319437745518,959.7175835311011,504083.7873113954,225126.49337808485,118843.91871527358,92869.11100392832,53254.47143217045,8401.396455189923,16467.586089693243,39614.63957175786,3.473852827832568,1.5514411003232254,0.8190032956658516,0.9907750741599213,0.36699890144471614,1182.8447943347478,973.0090527241011,4704.611866739164
3,scenario_3,0.0,0.6000000000000001,0.3999999999999999,10.942491288075793,1.0942491288075793,1.1870648750110178,1.5729152146792986,59.607475003886236,52.45781695920257,2.309424494760831,103.74800549373417,27.867455613948522,112368.48165018517,1101787.447266349,0.29502970338247864,0.7192220360740333,-0.1357701213053208,0.29502970338247864,1.5508407253395944,0.9624723702929614,0.8089552376227932,0.6312711687744516,0.4713748713423067,0.3655677705664099,0.7378816100834565,10.0,0.7000006711114635,0.9003755773829641,5.0,73.85925063531388,1859.3853795230004,529.2785124690847,937.3068670539161,442765.54057247215,212282.38485899678,103755.15084711195,84684.56199505356,50099.511712682914,7379.425676207869,15528.063336908097,34585.05028237065,3.3461818694053567,1.604315156258275,0.7841251696623319,0.9443178527481404,0.3786249434458893,1854.792536818872,827.154818601417,4032.247622705149
4,scenario_4,0.0,0.8,0.19999999999999996,11.62625,1.1626249999999998,1.2,1.6868749999999997,55.587275507082175,52.457816959202574,1.2870358433683067,112.35533100102887,22.48666390186188,69619.20724535223,819320.9621563103,0.4394367584296116,0.7286322463390866,-0.2339811609097289,0.4394367584296116,1.5298159659614745,0.6761151440205978,0.9552471397925604,0.2901892925406437,0.11690989654293941,0.37493138605227716,0.8222355703421771,10.000000000000002,0.7000000044100373,0.7830195745743939,5.0,71.19242877116767,1825.4301537572242,502.94413721981755,929.6860165374067,401596.51699441316,208254.39706487505,95292.2846062428,80471.06195517082,48706.96708642322,6693.275283240219,15233.423489004748,31764.0948687476,3.1939651923520938,1.6562825304302535,0.7578756967563115,0.907734883362201,0.3873747677478962,3885.6818356866515,712.573276763889,3096.0220488548234
5,scenario_5,0.0,1.0,0.0,14.393431767585009,1.439343176758501,1.1999999999999997,1.6868749999999997,44.40545983207989,43.5328921468005,1.0,132.67746102931554,20.84046549901804,49389.95193045179,579002.5820796159,0.4836166256495204,0.7290894969878035,-0.46586010116387766,0.4836166256495204,1.434934614666764,1.7931022837834446e-05,1.0000036567861288,1.7896300013551786e-06,-0.1846637521132028,0.4836166256495204,1.0000036567861288,9.999999999999998,0.7000000381119721,0.7243147237798948,6.02855133584815,70.73411577856463,1785.4043944313723,461.8162004162053,930.7881940151668,388460.6265088236,196804.30736598172,75753.8699584064,73890.59206659287,48639.302080457404,6474.34377514706,14395.870631400514,25251.289986135467,3.36463403543426,1.7046115505572526,0.6561386966514754,0.7933390367861085,0.42128710111617484,5968.994736701072,704.7177668841932,2369.9063695472128
6,scenario_6,0.2,0.0,0.8,10.625602372338548,1.0625602372338545,0.9867426789648437,1.5201003953897578,70.2647067110434,52.45781695920258,4.0,112.33224789234336,45.22873406379671,234930.54011518572,1374715.8702629306,-0.23371777873609262,0.661853608247221,-0.23371777873609262,-0.17090379245685347,1.5949333537295471,0.6768830962691011,0.3369402286005702,0.9608357135980383,0.8138706068693959,0.6043529297482982,0.9040451901322509,10.000000000000004,0.5891573017739632,1.0530028325039986,4.999999999999999,77.00000024909609,2050.4535977620494,663.5422241450224,994.1113736170265,530551.6328230825,246251.2800212768,142733.19552081698,106166.75586320362,58589.02402293129,8842.527213718042,18012.825112667466,47577.73184027233,3.198299149729022,1.4844648678602046,0.860431727338705,1.0185802156887902,0.3531894242204317,896.9381334561784,930.0218536571421,5194.276271005242
7,scenario_7,0.2,0.2,0.6000000000000001,10.29848597984855,1.0298485979848548,0.996452319087825,1.4655809966414246,65.93178018259117,52.457816959202596,3.3346372172760983,105.52971366698253,36.61513542141492,174472.51218823183,1293528.1138734194,-0.04791797987507196,0.6925657898803612,-0.15609971286289492,0.060263753112751006,1.5787261225014548,0.903196697485444,0.5711250469964297,0.8628004643338286,0.7119887287010379,0.408026045270594,0.8125446274966719,10.000000000000002,0.6723741768276102,1.0580944316205052,4.999999999999997,77.00006926680365,1935.4612444641637,590.6399626949176,952.0212817692825,504651.88894453837,230693.76355841733,121374.68851641928,94502.39403118682,54044.16452571373,8410.864815742307,16874.82159362497,40458.22950547309,3.417661660697385,1.5623308826299467,0.8219876485337838,0.9921468682553254,0.36600411715540543,1139.397056308947,972.04263582737,4765.038014476083
8,scenario_8,0.2,0.4,0.4,10.367299786692584,1.0367299786692585,1.0205332952500399,1.4770499644487636,63.48038238957713,52.45781695920258,2.6001293477413645,102.98903380959324,31.03264849171397,134798.44577014082,1190203.729750535,0.0976858284642492,0.7045132071509778,-0.12711012604121463,0.21008380571698113,1.5685767545462805,0.9877226093022412,0.7229005989006893,0.7380349553085471,0.5823277701628573,0.29154260514369246,0.7819187435441428,9.999999999999998,0.7000000150132627,1.021176746722906,4.999999999999999,76.28586576085661,1892.9777851180936,562.606753859681,937.5710312584124,484337.503213795,223395.06194383453,113222.76739386664,90017.08061754899,52276.15815292677,8072.291720229917,16340.93508663234,37740.92246462222,3.4435242726189728,1.5882856749320227,0.8049869050957418,0.9747692034422646,0.3716710316347527,1560.4185750519507,946.4444101001733,4343.762209214382
9,scenario_9,0.2,0.6000000000000001,0.19999999999999996,11.097810895647122,1.1097810895647122,1.0516696738058025,1.598801815941187,58.42473831416795,52.45781695920257,1.983269248645897,104.3181499167795,26.126072061647072,98887.82281462081,1032077.2027875237,0.22075418590370557,0.7206736612872296,-0.14227556558815654,0.3417641030676596,1.544955675960051,0.9435042279333455,0.8562996296573502,0.5470951612375129,0.38389603277206535,0.2533825552773775,0.8118996556285819,10.0,0.7000007089251357,0.8649994489232802,5.0,73.07962051835149,1837.4001932583483,523.103028277558,921.4971649807906,427893.81874801224,213688.47596844874,101435.36297989456,83696.48452440929,49884.69686444443,7131.5636458002045,15630.916297692083,33811.78765996486,3.27196590818413,1.634006797261864,0.7756434774533405,0.9321708512584884,0.3814521741822197,2254.5148567303163,795.8392201602953,3785.0244989482203
10,scenario_10,0.2,0.8,0.0,11.626249999999995,1.1626250000000002,1.0791009980710533,1.6868750000000001,55.431707619189694,52.457816959202574,1.4352981807442666,109.78135490889214,23.108937892582688,74874.24521824635,865777.3653846353,0.2972668471617577,0.7274833206018467,-0.2046116584189262,0.42273647355692867,1.5289410912718837,0.7617487887120854,0.9383288774541699,0.346285990773776,0.17520767227085432,0.2972668471617577,0.9030128597057531,9.999999999999995,0.7000000270027018,0.7786429776706294,5.0,71.0765552491722,1815.2271240777752,503.8851026469879,918.5420214307875,398234.2106892528,210542.34118889854,95233.88596708994,80621.61642351808,48876.987767821425,6637.23684482088,15400.782364743503,31744.628655696648,3.161309660454462,1.6713519814964672,0.7559968371107723,0.9049178257594083,0.3880010542964092,3419.4644866555486,710.5790634983288,3240.0556687756234
11,scenario_11,0.4,0.0,0.6,10.311980206681778,1.0311980206681757,0.9160078839782891,1.4678300344469621,66.27534732301008,52.45781695920258,3.394317421611964,105.88331907747943,37.47467726927599,179942.03438153627,1301781.6600034898,-0.1601344103941097,0.6878124556365773,-0.1601344103941097,0.037195789589729904,1.580088584346375,0.8914325944015096,0.5477559930269814,0.8727667263437447,0.7223460389492294,0.3693538592118938,0.8802330735668507,10.00000000000002,0.6652904698705839,1.0578866249683185,4.999999999999999,77.000055152031,1940.1555668480767,599.2971277821725,948.0584390659247,505712.94486795744,235515.86312955967,123419.89965343804,95887.54044514766,54747.573894001645,8428.549081132624,17227.549247440013,41139.96655114601,3.375373726481596,1.5719472175756057,0.8237643327955185,0.9927109118852576,0.3654118890681606,1115.1147640095926,970.2406410046166,4801.696705446044
12,scenario_12,0.4,0.2,0.39999999999999997,10.211235816041825,1.0211235816041822,0.9371354760001085,1.4510393026736372,64.65823604016455,52.45781695920259,2.77622823672832,103.23123780234307,32.72549723888185,146485.80795986127,1225407.3985646006,-0.03169848991039267,0.6976503934275251,-0.12987371455708316,0.16465195938298832,1.5735493999256274,0.9796647214604076,0.6768757615607471,0.7805438335024946,0.6265045778084153,0.2315827371771305,0.8394585742973103,10.000000000000004,0.7000000008780519,1.0594233591680147,4.999999999999998,77.00000002435428,1905.1950412714828,576.1945396477497,936.2005016249651,497800.12002580345,229671.1435682878,116698.17954609853,92191.12634363997,53291.733161607124,8296.668667096725,16800.018835087718,38899.39318203284,3.4557781150104487,1.5944000004491174,0.8101304092013137,0.982615628066235,0.3699565302662288,1431.282222653469,983.8391363317814,4476.19808159304
13,scenario_13,0.4,0.4,0.19999999999999996,10.640209115643433,1.0640209115643435,0.9584266207168152,1.5225348526072389,61.365364884995834,52.457816959202596,2.2606896696435035,102.87361996667275,28.566216215497548,116358.12818470888,1116560.2528905699,0.07524173684930381,0.7100389122930633,-0.12579323457610683,0.27627670827471446,1.559168465444461,0.9915623139705655,0.7899574724180412,0.6491095196059976,0.48991314915344397,0.1581760193101318,0.8424298184766422,9.999999999999998,0.7000003025898874,0.9542642826254856,4.999999999999997,74.96707070594881,1863.2978464071814,547.6333074489975,922.8645389581841,458861.04431482975,221368.38094315722,108488.63290423669,87621.32919183961,51458.45155709406,7647.684071913829,16192.687124545759,36162.877634745564,3.3515933970657157,1.6169095482839952,0.7924180755885855,0.9561716712927827,0.37586064147047166,1880.2102953631993,883.729555993264,4073.2775845049814
14,scenario_14,0.4,0.6000000000000001,-1.1102230246251565e-16,11.112501675734059,1.1112501675734063,0.9839450134669518,1.60125027928901,58.26458324198336,52.45781695920259,1.823638364235466,104.88875364296922,25.499817825963326,93476.86410599365,997472.1527860557,0.1556282244452135,0.7194546528056878,-0.14878625059754147,0.35857120780705004,1.5441404109181305,0.9245208050113375,0.8733261061095526,0.5053091228794847,0.34047042717527143,0.15562822444521346,0.8938039856702665,9.999999999999996,0.7000000778074674,0.8602628652631624,4.999999999999998,72.97075654175416,1832.180014780257,524.2325128190977,915.1475019611593,425420.0976975301,215695.44335470485,101436.34049704886,83877.20205105565,50065.088552039364,7090.334961625502,15777.722245390447,33812.11349901628,3.246041306440939,1.6457998165339818,0.7739797743681917,0.9296826578973,0.38200674187726946,2499.8249298875126,792.2793902924986,3665.785565370497
15,scenario_15,0.6000000000000001,0.0,0.3999999999999999,10.207070620469278,1.0207070620469272,0.8801773083712924,1.4503451034115455,64.66016831684377,52.45781695920258,2.916880154143048,103.52033624223756,33.68481256860522,152862.44168214497,1241020.5984596065,-0.13317237664509027,0.6952679289788875,-0.13317237664509027,0.13890632397477454,1.5735574087389792,0.9700467016355859,0.6507940858752511,0.7993969711132364,0.6460974597928559,0.17853555793008813,0.9017868094266461,10.000000000000005,0.7000000000268988,1.0594866794228028,4.999999999999999,76.99999999885976,1903.7548660009527,579.5390269802878,931.4158390206989,497473.7800353449,232767.98712769087,117245.8457079227,92726.24431684606,53644.29574753849,8291.229667255748,17026.547206562573,39081.94856930757,3.4335826018651594,1.6065733370229653,0.8092352041852093,0.9813102089645761,0.37025493193826353,1350.5886874552177,984.4089011873716,4538.022628768171
16,scenario_16,0.6000000000000001,0.2,0.1999999999999999,10.39178075629284,1.0391780756292832,0.9014882242029079,1.4811301260488068,63.178383919684656,52.45781695920257,2.440264524170435,102.66260558507389,30.360946654238553,128923.7701512005,1164903.7229980594,-0.03551149085968527,0.7018127850385057,-0.12338552479787897,0.2281106109548959,1.5672719176189145,0.9985825542260335,0.7411626957728799,0.707484875115845,0.5505789902945253,0.08170660537115679,0.8888790467133652,10.000000000000009,0.7000002180485888,1.01148395904249,5.0,76.09591426439906,1883.8756695098082,565.2670759293366,925.8085935804717,479523.78029648087,227870.11692105446,113300.87790344887,90442.73214869389,52675.77284754427,7992.063004941348,16668.27707107713,37766.95930114962,3.3932546275270807,1.612477546451265,0.8017511206869756,0.9699715074205141,0.3727496264376749,1691.8979131517683,938.9715039205762,4246.368587232508
17,scenario_17,0.6000000000000001,0.4,-1.1102230246251565e-16,10.77877107241118,1.0778771072411177,0.9199887718585282,1.5456285120685298,60.37221464040975,52.45781695920258,2.062583584052258,103.29184114330226,27.37054547409989,107049.63227199022,1070475.6098529433,0.045007088471774384,0.7116949529573979,-0.13056520892592724,0.3083655345683268,1.5545231622132432,0.9776485081075833,0.8224651323475066,0.5934617265352001,0.4320818923705147,0.045007088471774336,0.9155751578035526,10.000000000000002,0.7000003228222472,0.9236262224371369,4.999999999999999,74.33507233518705,1850.7511891275988,542.0082122218168,915.9429769057822,447447.3540014485,221358.21748653447,106523.7813501658,86721.31395549071,51213.38683876877,7457.455900024142,16191.94368651502,35507.927116721934,3.3021444613708586,1.6336152294013107,0.786141456517791,0.9469623321579248,0.37795284782740285,2118.623380310968,854.6267896910554,3911.125277838865
18,scenario_18,0.8,0.0,0.19999999999999996,10.227354895200827,1.022735489520084,0.8603121684012702,1.4537258158668043,64.48649443033533,52.45781695920253,2.568576050019013,102.8201251514584,31.788477873521817,138798.66680417696,1197122.1414120258,-0.12518284968811902,0.6949506287904981,-0.12518284968811902,0.1897992266094506,1.572835655956743,0.9933420336862601,0.7023512589713817,0.7463890254529746,0.5910096306472494,0.01805564637895464,0.943951432039603,9.999999999999988,0.7000006382326474,1.0538038302150365,5.000000000000004,76.89473289743555,1901.0770198547946,579.3994151435279,928.8776047112669,495270.05950266833,233557.5284738107,117037.96758441947,92703.9064229645,53691.25056149134,8254.500991711138,17084.300693917634,39012.655861473155,3.4191961300477365,1.6124112131936075,0.8079950688623112,0.9794283225104169,0.37066831037922954,1576.1555455664393,979.1462730637452,4366.320003003012
19,scenario_19,0.8,0.2,-5.551115123125783e-17,10.559555122005108,1.05595551220051,0.8772925636714133,1.509092520334183,61.90123667418621,52.457816959202596,2.2317379780863122,102.7447953929748,28.871027228807563,117676.9027068545,1117818.2666796872,-0.04583939163413095,0.7051031511602586,-0.12432332440496872,0.2680963394492201,1.5616130090637705,0.9958481804186975,0.7816703307992245,0.6506285872693808,0.49149182078198433,-0.04583939163413098,0.9530126104948029,10.000000000000007,0.7000003134453658,0.9710032527684961,4.999999999999997,75.3019693769678,1867.3478001506314,556.3579163569547,918.1898837936768,464458.55221668707,226458.38279278364,110485.22921939456,89017.26661711276,52188.85687731458,7740.975870278117,16565.01133391658,36828.40973979819,3.339278824379622,1.628148902962601,0.79434641601115,0.9589144337471598,0.37521786132961665,1904.2797309467062,900.5204898874548,4075.951360311706
20,scenario_20,1.0,0.0,0.0,10.399415994151404,1.039941599415139,0.8438336561612436,1.4824026656919012,63.10463551441383,52.457816959202624,2.361486938061729,102.61981193779118,30.144784942634224,126565.91287015668,1151979.2400032028,-0.12289724204564212,0.699224918081043,-0.12289724204564212,0.23391185319897165,1.5669513774942712,1.0000062566441155,0.7470396576883238,0.6918783973862117,0.5343601580416228,-0.12289724204564212,1.0000062566441155,10.000000000000012,0.7000000505328603,1.0091236764551392,4.999999999999996,76.0498834552093,1882.2425394913075,568.6983516831776,920.7441878081302,478489.2647177571,231207.77558894292,113799.01469601653,90991.73626930844,53058.73137063626,7974.821078629286,16912.420621783785,37933.00489867218,3.3655048466489936,1.626224341284878,0.8004174048277463,0.9679337066175269,0.37319419839075124,1763.4346228849251,936.9537259334302,4198.6006239889475
21,centroid,0.3333333333333333,0.3333333333333333,0.3333333333333333,10.383265714394565,1.0383265714395749,0.9819105955936238,1.4797109523990937,63.30918031020523,52.45781695920257,2.537349349747702,102.83983607532416,30.70298854293152,132155.78516982505,1180041.2988726213,0.046761651725468825,0.7041599401245364,-0.1254077546626989,0.21893105811363656,1.5678385744116938,0.9926862706991765,0.7318633284685785,0.7257636906677708,0.569575015429365,0.22103277296010085,0.8167710966118419,9.99999999999886,0.7000001510526499,1.0156762893550497,5.0,76.17892830236394,1888.5850025441703,562.4607281059245,933.3242744382458,481784.61304199474,224426.83858073183,112995.84322317214,89993.71649694795,52328.435422557246,8029.743550699912,16416.4076369239,37665.28107439071,3.4262631253520213,1.596035615403655,0.8035820997045138,0.9726968393200991,0.3721393000984955,1610.1560497672788,941.9486250148825,4304.329690415434
