tag,success,elapsed_s,gwp_eps,profit_eps,b,c,r_cruise,r_hover,V_cruise,V_climb,c_charge,TOC_flight,GWP_flight,Annual_Profit,Utility_Norm,MTOM,AR,SPL_hover,pareto_flag
anchor_TOC_flight,1,5.943762302398682,nan,nan,10.399419245589947,1.039941924558994,0.8438574932585383,1.4824032075983244,63.10461010496657,52.4578169592026,2.3616754362372085,102.6198120874493,30.145632055326125,1152008.4298004508,0.0,1882.242186898611,10.000000000000005,76.04986762454064,1
anchor_GWP_flight,1,4.028140068054199,nan,nan,14.39569416839976,1.439569416839976,1.2,1.6868750000000001,44.39849548255554,43.53779788322042,1.0,132.68710887040493,20.840459179902133,578932.430903966,0.0,1785.406924140607,10.0,70.73414506639078,1
anchor_neg_Annual_Profit,1,1.630052089691162,nan,nan,11.94142967028249,0.999999999999999,0.8529285164858773,1.4412144505423687,93.82644120824828,93.82644120824828,2.4707148351412296,127.36648404858295,62.84340783061444,1491728.9769727646,0.0,2938.048499796949,11.941429670282503,86.17872950932332,1
epsilon_run,1,31.90777587890625,20.840459179902133,1491728.9769727646,10.782580447936926,1.078241956652377,1.1636236844882393,1.546263408006551,60.335168562831285,54.00225634194447,2.3447041407629046,103.1871257121532,28.242725193044073,1121770.9225706214,0.0,1862.7620170780338,10.000149207153518,74.45548403050478,1
epsilon_run,1,32.4523708820343,20.840459179902133,1408747.472784692,10.78258228679033,1.0782421405513412,1.163625781181572,1.5462637144865257,60.335159708832805,54.00225634163999,2.344705001727996,103.18713416186054,28.24272519271488,1121770.922554144,0.0,1862.7621057530694,10.00014920700172,74.45547853515426,1
epsilon_run,1,49.41412091255188,20.840459179902133,1325765.9685966196,10.782582845666859,1.0782421964275033,1.1636263313226745,1.5462638076467339,60.33515686785301,54.00225634191258,2.34470526777537,103.18713643154753,28.242725192045057,1121770.922547922,0.0,1862.762123455385,10.000149207100556,74.45547676197633,1
epsilon_run,1,18.55491614341736,20.840459179902133,1242784.4644085467,10.78258471568596,1.0782423834219925,1.163627866151341,1.5462641193164681,60.335146839411046,54.002256342086845,2.3447061732684356,103.18714298092604,28.242725191778636,1121770.9225457646,0.0,1862.7621503402286,10.000149207143505,74.45547047057238,1
epsilon_run,1,27.267032146453857,20.840459179902133,1159802.9602204743,10.782585176184934,1.0782424294669435,1.1636289189381224,1.5462641960766967,60.33514552649442,54.00225634302862,2.344706362501886,103.18714690120252,28.242725191144444,1121770.922540005,0.0,1862.7622284316553,10.000149207183007,74.45546971491942,1
epsilon_run,1,22.3999502658844,20.840459179902133,1076821.4560324016,11.039193434287084,1.1039058333726197,1.1822140269511405,1.5890322391589395,58.71346880082501,53.71257705755266,2.179963402819521,103.86816723323784,26.929468988171315,1074196.5658074243,0.0,1848.11614563003,10.000122384135315,73.40024832721103,1
epsilon_run,1,34.56043291091919,20.840459179902133,993839.951844329,11.5032946773429,1.1503203534447106,1.2,1.666382446381438,55.9371320922544,53.252362303958165,1.8756961567547679,106.06669987320151,24.82800555184441,981360.9085602548,0.0,1825.505697965679,10.000079232620305,71.59252023285974,1
epsilon_run,1,11.62711501121521,20.840459179902133,910858.4476562564,11.626249999573382,1.162618906938473,1.1999999999999988,1.6868750000054362,55.37375253899802,52.97666777395335,1.5710919155226546,108.64473729150251,23.50054964767226,902884.7758989129,0.0,1822.293844268056,10.000052407704958,71.15687909233617,1
epsilon_run,1,2.1155483722686768,20.840459179902133,827876.9434681837,11.626249999781052,1.1626214000013517,1.1999999999966962,1.6868750000074075,55.4600825742684,52.762263888989644,1.2835799164120307,112.40559532435309,22.431716068637513,817539.6120383684,0.0,1823.543057115271,10.00003096430836,71.17104604850877,1
epsilon_run,1,2.149643898010254,20.840459179902133,744895.4392801111,11.723651669677137,1.1723633376352334,1.2,1.6868750000091763,55.01665609231498,52.610351575843474,1.0801174711619361,117.10899126053457,21.655238102223038,736796.4868672746,0.0,1821.7716983352125,10.000015603801497,71.15095472701806,1
epsilon_run,1,10.757764101028442,20.840459179902133,661913.9350920386,12.474993451962215,1.2474990054721882,1.2,1.6868749999948451,51.21984070788559,49.64218708732346,1.000000000000002,123.09965438518807,21.015297733935054,661129.2895008139,0.0,1799.7373333584858,10.000002723240915,70.8993976562867,1
epsilon_run,1,10.086924076080322,20.840459179902133,578932.430903966,14.390834378018232,1.439083438489497,1.199999999986846,1.6868750000145742,44.413525567853696,43.5421206283386,1.0000000000004976,132.66347067488203,20.840460770164814,579107.570460716,0.0,1785.4094838841,9.999999995221446,70.73417470161586,1
epsilon_run,1,32.08553075790405,24.658909057239615,1491728.9769727646,11.056251166930082,1.105625116581265,1.19999999999999,1.5918751945216285,55.97831563720277,52.457816959595085,2.109990394726721,104.58720041282703,25.495242277334945,1024752.3220905397,0.0,1806.9455815750875,10.00000000101068,72.87580864905127,1
epsilon_run,1,26.948195934295654,24.658909057239615,1408747.472784692,11.056252863602333,1.1056252862489415,1.1999999999999282,1.5918754772945096,55.978305698489535,52.4578169596562,2.1099911156521367,104.58720186903088,25.495242277322994,1024752.3220895007,0.0,1806.945494525454,10.000000001006596,72.87580184704842,1
epsilon_run,1,34.56955313682556,24.658909057239615,1325765.9685966196,11.056254145014105,1.10562541440053,1.2,1.5918756908680072,55.97829819259978,52.45781696006157,2.1099916601608486,104.58720296879426,25.495242277697535,1024752.3220985983,0.0,1806.9454287907793,10.00000000091243,72.87579670975536,1
epsilon_run,1,4.5580267906188965,24.658909057239615,1242784.4644085467,11.056255691713204,1.1056255690704395,1.2,1.5918759486511902,55.978289132399155,52.457816960061535,2.1099923173698336,104.5872042962454,25.495242277696295,1024752.3220988801,0.0,1806.9453494352395,10.000000000912433,72.87579050888615,1
epsilon_run,1,57.08155012130737,24.658909057239615,1159802.9602204743,11.05625686366556,1.1056256862596339,1.1999999999999917,1.5918761439865068,55.978282267356924,52.45781696036603,2.109992815391449,104.58720530172496,25.495242277738292,1024752.3221084196,0.0,1806.9452893024074,10.000000000967074,72.87578581016241,1
epsilon_run,1,10.600268125534058,24.658909057239615,1076821.4560324016,11.056257265453777,1.1056257264519493,1.199999999986067,1.591876210969025,55.97827990772004,52.45781696269817,2.109992986171189,104.58720564717277,25.495242275816626,1024752.3220505767,0.0,1806.9452686042284,10.000000000845027,72.8757841980282,1
epsilon_run,1,8.128598928451538,24.658909057239615,993839.951844329,11.446438015530848,1.1446438010111033,1.1999999999999924,1.656906336097924,55.6774742318535,52.45781696233694,1.9247053128048994,105.88554585031198,24.870485669930222,986092.7372948613,0.0,1818.1812477056724,10.000000004734936,71.69569015203967,1
epsilon_run,1,2.4940078258514404,24.658909057239615,910858.4476562564,11.299374092135508,1.1299374092135501,1.0131324247838576,1.632395682022584,57.17671616473912,52.457816959202574,1.704608450931907,106.11248979803662,24.65891420741132,957473.1298047199,0.0,1824.2415933358282,10.000000000000007,72.2514239357148,1
epsilon_run,1,0.8866360187530518,24.658909057239615,827876.9434681837,11.299374092135515,1.1299374092135501,1.0131324247838582,1.632395682022584,57.17671616473912,52.457816959202574,1.7046084509319068,106.1124897994963,24.65891420810887,957473.1298023039,0.0,1824.2415933896168,10.000000000000012,72.25142393632456,0
epsilon_run,1,0.9648211002349854,24.658909057239615,744895.4392801111,11.299374092135512,1.129937409213549,1.0131324247838582,1.632395682022584,57.17671616473912,52.457816959202574,1.7046084509319068,106.11248979949626,24.658914208108847,957473.1298023041,0.0,1824.2415933896157,10.00000000000002,72.25142393632456,0
epsilon_run,1,1.1328239440917969,24.658909057239615,661913.9350920386,11.299374092135514,1.1299374092135488,1.0131324247838585,1.632395682022584,57.17671616473912,52.457816959202574,1.7046084509319066,106.11248979949627,24.658914208108854,957473.1298023041,0.0,1824.241593389616,10.000000000000023,72.25142393632456,0
epsilon_run,1,0.9946680068969727,24.658909057239615,578932.430903966,11.299374092135512,1.1299374092135483,1.0131324247838585,1.632395682022584,57.17671616473912,52.457816959202574,1.7046084509319066,106.11248979949625,24.65891420810884,957473.1298023041,0.0,1824.2415933896157,10.000000000000025,72.25142393632456,0
epsilon_run,1,12.422271013259888,28.477358934577097,1491728.9769727646,10.724275375563124,1.0724275375520742,1.1751995678610418,1.5365458959569702,60.410484120075395,52.457816960329986,2.431685224938893,103.37601363537622,28.671513880082365,1129994.9249553122,0.0,1863.0793490586732,10.00000000003952,74.66513050672815,1
epsilon_run,1,29.46964716911316,28.477358934577097,1408747.472784692,10.724276291641216,1.0724276291442165,1.1752006087336857,1.5365460486335007,60.41047958505192,52.45781696093948,2.4316856897286354,103.37601778981332,28.671513879853073,1129994.9249622435,0.0,1863.0793876067617,10.000000000185608,74.66512768605804,1
epsilon_run,1,28.137933015823364,28.477358934577097,1325765.9685966196,10.724278161153485,1.0724278160903489,1.175202882475686,1.5365463602087894,60.41047058802192,52.45781696043703,2.4316866297954514,103.37602677424233,28.67151388033437,1129994.9249723624,0.0,1863.0794821411205,10.000000000233113,74.66512210598114,1
epsilon_run,1,4.3665430545806885,28.477358934577097,1242784.4644085467,10.724278574500708,1.072427857418278,1.1752033963459274,1.536546429110806,60.410468613612906,52.4578169596501,2.431686836949902,103.37602879801362,28.67151387784277,1129994.9249122231,0.0,1863.0795041445506,10.000000000296456,74.66512088419287,1
epsilon_run,1,22.708141088485718,28.477358934577097,1159802.9602204743,10.72427967318013,1.072427967276729,1.1752049651063,1.53654661243409,60.41046371788767,52.45781696413623,2.4316873764708187,103.37603486046476,28.67151387375265,1129994.9248735628,0.0,1863.0795841514275,10.000000000384958,74.66511787182822,1
epsilon_run,1,2.793419122695923,28.477358934577097,1076821.4560324016,10.612802744130638,1.0612802744130638,0.8882424172426322,1.5179671240217734,61.51817810138141,52.45781695920257,2.1888092967181296,102.8407874774939,28.47736284186532,1106212.341380865,0.0,1862.9545682199218,10.0,75.0615016337588,0
epsilon_run,1,0.9420468807220459,28.477358934577097,993839.951844329,10.612802744130638,1.0612802744130643,0.8882424172426321,1.5179671240217734,61.51817810138141,52.45781695920257,2.1888092967181296,102.84078747749389,28.477362841865318,1106212.341380865,0.0,1862.9545682199214,9.999999999999996,75.0615016337588,1
epsilon_run,1,1.6886792182922363,28.477358934577097,910858.4476562564,10.61280274413064,1.0612802744130645,0.8882424172426324,1.5179671240217734,61.51817810138141,52.45781695920257,2.1888092967181296,102.84078747749392,28.47736284186534,1106212.3413808648,0.0,1862.9545682199223,9.999999999999995,75.06150163375881,0
epsilon_run,1,0.8902981281280518,28.477358934577097,827876.9434681837,10.61280274413063,1.061280274413065,0.8882424172426324,1.5179671240217734,61.51817810138141,52.45781695920257,2.1888092967181296,102.84078747749392,28.47736284186535,1106212.341380865,0.0,1862.9545682199223,9.99999999999998,75.0615016337588,0
epsilon_run,1,1.0182020664215088,28.477358934577097,744895.4392801111,10.612802744130631,1.0612802744130652,0.8882424172426323,1.5179671240217734,61.51817810138141,52.45781695920257,2.1888092967181296,102.84078747749393,28.47736284186535,1106212.3413808648,0.0,1862.9545682199225,9.99999999999998,75.0615016337588,0
epsilon_run,1,1.0400280952453613,28.477358934577097,661913.9350920386,10.612802744130624,1.0612802744130656,0.8882424172426319,1.5179671240217734,61.51817810138141,52.45781695920257,2.1888092967181296,102.84078747749396,28.47736284186538,1106212.3413808648,0.0,1862.9545682199234,9.99999999999997,75.06150163375881,0
epsilon_run,1,0.900331974029541,28.477358934577097,578932.430903966,10.612802744130624,1.0612802744130645,0.8882424172426319,1.5179671240217734,61.51817810138141,52.45781695920257,2.1888092967181296,102.84078747749392,28.477362841865343,1106212.341380865,0.0,1862.954568219922,9.99999999999998,75.0615016337588,0
epsilon_run,1,26.418312072753906,32.29580881191458,1491728.9769727646,10.19238582475123,1.0192385823490393,1.144729891251926,1.4478976375403656,63.67465975552605,52.45781696076555,2.869373554024868,103.6295228452237,32.30253558436313,1223382.1659996186,0.0,1898.9124718673952,10.000000001237039,77.00252714097286,1
epsilon_run,1,17.11629009246826,32.29580881191458,1408747.472784692,10.19238584098311,1.0192385839720277,1.1447299590851145,1.4478976402453632,63.67465974813192,52.45781696076688,2.869373561953532,103.62952307956996,32.30253558435576,1223382.1659995774,0.0,1898.9124774743652,10.000000001238996,77.00252714098184,1
epsilon_run,1,2.4333009719848633,32.29580881191458,1325765.9685966196,10.192386414178234,1.019238641291547,1.1447323541738,1.4478977357778828,63.6746594863621,52.4578169607667,2.8693738420012864,103.62953135423021,32.30253558437562,1223382.1660006808,0.0,1898.912675441525,10.000000001238927,77.0025271407053,1
epsilon_run,1,21.43171715736389,32.29580881191458,1242784.4644085467,10.192386641847605,1.0192386640284812,1.1447333053226512,1.4478977737151877,63.674659381246755,52.45781696297335,2.8693739530651525,103.62953463851042,32.30253558212658,1223382.165983739,0.0,1898.912754017165,10.000000001533294,77.00252714016065,1
epsilon_run,1,3.0324292182922363,32.29580881191458,1159802.9602204743,10.370552981686266,1.037055298168627,0.8465029738823262,1.4775921636143778,63.32997522961545,52.457816959202574,2.3963111298663815,102.62557288373566,30.409530205987025,1159802.6744852809,0.0,1885.2013003178938,9.999999999999996,76.18867757169282,1
epsilon_run,1,1.5532519817352295,32.29580881191458,1076821.4560324016,10.398533775216631,1.039853377521663,0.8461278212250036,1.4822556292027715,63.111469839540874,52.457816959202596,2.361361990985398,102.6198615050831,30.137188150795986,1152047.0115835376,0.0,1882.3307256229125,10.000000000000002,76.054096685107,0
epsilon_run,1,0.9488539695739746,32.29580881191458,993839.951844329,10.398533775216633,1.0398533775216634,0.8461278212250034,1.4822556292027715,63.111469839540874,52.457816959202596,2.361361990985398,102.6198615050831,30.137188150795986,1152047.0115835376,0.0,1882.3307256229125,9.999999999999998,76.054096685107,0
epsilon_run,1,0.98124098777771,32.29580881191458,910858.4476562564,10.398533775216638,1.0398533775216623,0.846127821225003,1.4822556292027715,63.111469839540874,52.457816959202596,2.3613619909853982,102.61986150508305,30.137188150795957,1152047.0115835376,0.0,1882.3307256229111,10.000000000000014,76.05409668510697,1
epsilon_run,1,0.9790210723876953,32.29580881191458,827876.9434681837,10.398533775216636,1.0398533775216616,0.8461278212250029,1.4822556292027715,63.111469839540874,52.457816959202596,2.361361990985398,102.61986150508305,30.137188150795957,1152047.0115835376,0.0,1882.3307256229114,10.00000000000002,76.05409668510697,1
epsilon_run,1,0.9532880783081055,32.29580881191458,744895.4392801111,10.398533775216624,1.0398533775216625,0.8461278212250027,1.4822556292027715,63.111469839540874,52.457816959202596,2.361361990985398,102.6198615050831,30.13718815079598,1152047.0115835376,0.0,1882.330725622912,9.999999999999998,76.05409668510698,0
epsilon_run,1,0.9727358818054199,32.29580881191458,661913.9350920386,10.398533775216626,1.0398533775216627,0.8461278212250026,1.4822556292027715,63.111469839540874,52.457816959202596,2.361361990985398,102.61986150508305,30.137188150795968,1152047.0115835376,0.0,1882.3307256229114,9.999999999999998,76.05409668510697,0
epsilon_run,1,0.8976559638977051,32.29580881191458,578932.430903966,10.398533775216622,1.039853377521663,0.8461278212250026,1.4822556292027715,63.111469839540874,52.457816959202596,2.361361990985398,102.61986150508307,30.137188150795986,1152047.0115835376,0.0,1882.3307256229118,9.999999999999993,76.05409668510698,0
epsilon_run,1,69.30674195289612,36.11425868925206,1491728.9769727646,10.333140556550632,1.0333140556478766,1.122638472296202,1.471356759496571,66.41144148999655,52.457816964181745,3.3870171024964155,106.24491112670401,37.099523235721,1301851.5312033126,0.0,1954.0973480989783,10.000000000069548,77.06974985561506,1
epsilon_run,1,73.89426898956299,36.11425868925206,1408747.472784692,10.333140660523814,1.0333140659838735,1.122640204338952,1.4713567768012268,66.41143699726584,52.4578169631582,3.3870179650113883,106.24491702621943,37.099523240155406,1301851.531291972,0.0,1954.0973845688184,10.000000000662991,77.06974985722319,1
epsilon_run,1,28.401213884353638,36.11425868925206,1325765.9685966196,10.333141126118923,1.0333141125646668,1.1226417834513254,1.471356854398853,66.41143847899272,52.45781696178799,3.3870179747993734,106.24492238185123,37.09952323933909,1301851.531260279,0.0,1954.097547404776,10.00000000045703,77.06974985699712,1
epsilon_run,1,2.5619120597839355,36.11425868925206,1242784.4644085467,10.20710573211776,1.0207105732117754,0.8810156532701235,1.4503509553529597,64.6601520195841,52.45781695920257,2.9335562752613327,103.56371546916733,33.77319634610614,1242784.434085673,0.0,1903.767120408266,10.000000000000007,77.00000125705186,1
epsilon_run,1,2.9457809925079346,36.11425868925206,1159802.9602204743,10.370434268908891,1.037043426890889,0.8463906096893937,1.4775723781514816,63.33089366971815,52.457816959202574,2.3962472997343447,102.62557102270438,30.410088426411527,1159802.308064333,0.0,1885.213357568315,10.0,76.18924780887596,1
epsilon_run,1,1.667992115020752,36.11425868925206,1076821.4560324016,10.398506730044826,1.0398506730044823,0.8460411367069839,1.4822511216741372,63.1116798018345,52.45781695920259,2.361338217151994,102.61985801861618,30.137529338795808,1152045.1220128331,0.0,1882.3334585971884,10.000000000000002,76.05422617453156,0
epsilon_run,1,0.8960788249969482,36.11425868925206,993839.951844329,10.398506730044835,1.0398506730044825,0.846041136706984,1.4822511216741372,63.1116798018345,52.45781695920259,2.361338217151994,102.61985801861618,30.1375293387958,1152045.1220128331,0.0,1882.3334585971884,10.000000000000009,76.05422617453156,0
epsilon_run,1,0.9765787124633789,36.11425868925206,910858.4476562564,10.39850673004484,1.0398506730044825,0.8460411367069842,1.4822511216741372,63.1116798018345,52.45781695920259,2.3613382171519945,102.61985801861618,30.137529338795794,1152045.1220128334,0.0,1882.333458597188,10.000000000000014,76.05422617453156,0
epsilon_run,1,1.028275966644287,36.11425868925206,827876.9434681837,10.398506730044852,1.0398506730044825,0.8460411367069842,1.4822511216741372,63.1116798018345,52.45781695920259,2.3613382171519945,102.61985801861616,30.13752933879578,1152045.1220128334,0.0,1882.3334585971877,10.000000000000027,76.05422617453156,0
epsilon_run,1,1.0022201538085938,36.11425868925206,744895.4392801111,10.398506730044854,1.0398506730044819,0.846041136706984,1.4822511216741372,63.1116798018345,52.45781695920259,2.3613382171519945,102.61985801861618,30.137529338795787,1152045.1220128334,0.0,1882.3334585971884,10.000000000000034,76.05422617453156,0
epsilon_run,1,1.018963098526001,36.11425868925206,661913.9350920386,10.398506730044854,1.0398506730044819,0.8460411367069839,1.4822511216741372,63.1116798018345,52.45781695920259,2.3613382171519945,102.61985801861617,30.13752933879578,1152045.1220128334,0.0,1882.3334585971882,10.000000000000034,76.05422617453156,0
epsilon_run,1,0.9800429344177246,36.11425868925206,578932.430903966,10.398506730044854,1.039850673004482,0.8460411367069844,1.4822511216741372,63.1116798018345,52.45781695920259,2.3613382171519945,102.61985801861616,30.137529338795765,1152045.1220128334,0.0,1882.3334585971875,10.000000000000032,76.05422617453156,1
epsilon_run,1,56.50236678123474,39.93270856658955,1408747.472784692,10.441452985214926,1.044145298407852,1.1099240908564583,1.4894088310019122,69.52511878370905,52.457816967465696,3.806410686399328,110.2448984744214,42.49101474380902,1359900.598086976,0.0,2026.2325167238432,10.00000000108836,77.42112032160709,1
epsilon_run,1,2.9772517681121826,39.93270856658955,1325765.9685966196,10.389075799957027,1.0389075799957022,0.9348397626266611,1.480679299992837,67.35854198741632,52.457816959202596,3.5768518520854875,107.3890712847795,39.46826446595105,1325765.9446247222,0.0,1967.0576993944255,10.000000000000005,77.00000083945683,1
epsilon_run,1,2.6375410556793213,39.93270856658955,1242784.4644085467,10.207113540227793,1.0207113540227795,0.8812883464148514,1.450352256704632,64.66014824195263,52.45781695920259,2.9335414432160154,103.56370336776448,33.77204391724942,1242784.1137457734,0.0,1903.7710606596686,9.999999999999998,77.00001474510343,1
epsilon_run,1,3.042487144470215,39.93270856658955,1159802.9602204743,10.370436058256425,1.037043605825643,0.8463902816161295,1.477572676376071,63.3308794499826,52.457816959202574,2.396248303001192,102.62557099109053,30.410088736407367,1159802.304249749,0.0,1885.2131685701318,9.999999999999996,76.18923913400748,1
epsilon_run,1,1.5443520545959473,39.93270856658955,1076821.4560324016,10.398507139183977,1.0398507139183975,0.8460408874109329,1.4822511898639958,63.111676623213455,52.457816959202574,2.361338434107795,102.61985800739177,30.1375301474035,1152045.1198069933,0.0,1882.3334171051765,10.000000000000002,76.05422421399199,1
epsilon_run,1,1.0339009761810303,39.93270856658955,993839.951844329,10.398507139183966,1.0398507139183983,0.8460408874109328,1.4822511898639958,63.111676623213455,52.457816959202574,2.3613384341077954,102.61985800739176,30.137530147403538,1152045.1198069938,0.0,1882.3334171051774,9.999999999999984,76.054224213992,1
epsilon_run,1,0.988609790802002,39.93270856658955,910858.4476562564,10.398507139183963,1.0398507139183988,0.846040887410933,1.4822511898639958,63.111676623213455,52.457816959202574,2.3613384341077954,102.61985800739178,30.137530147403545,1152045.1198069935,0.0,1882.3334171051774,9.999999999999975,76.054224213992,0
epsilon_run,1,0.9039959907531738,39.93270856658955,827876.9434681837,10.39850713918395,1.0398507139183994,0.846040887410933,1.4822511898639958,63.111676623213455,52.457816959202574,2.361338434107795,102.61985800739183,30.137530147403567,1152045.119806993,0.0,1882.3334171051786,9.999999999999957,76.054224213992,0
epsilon_run,1,0.9744932651519775,39.93270856658955,744895.4392801111,10.39850713918396,1.0398507139183997,0.8460408874109331,1.4822511898639958,63.111676623213455,52.457816959202574,2.361338434107795,102.61985800739183,30.13753014740356,1152045.119806993,0.0,1882.333417105178,9.999999999999966,76.054224213992,0
epsilon_run,1,0.9749770164489746,39.93270856658955,661913.9350920386,10.398507139183957,1.0398507139184001,0.8460408874109334,1.4822511898639958,63.111676623213455,52.457816959202574,2.361338434107795,102.61985800739183,30.137530147403574,1152045.119806993,0.0,1882.3334171051783,9.999999999999957,76.054224213992,0
epsilon_run,1,1.774454116821289,39.93270856658955,578932.430903966,10.398507139183954,1.0398507139184,0.8460408874109334,1.4822511898639958,63.111676623213455,52.457816959202574,2.3613384341077954,102.61985800739183,30.13753014740358,1152045.1198069935,0.0,1882.3334171051786,9.999999999999956,76.054224213992,0
epsilon_run,1,53.39398503303528,43.751158443927025,1491728.9769727646,10.739626596236342,1.0739626595906853,1.1048250969740914,1.5391044327948726,74.68541442130868,52.45781696129406,3.9999999999999503,117.01554491545205,50.164564037658536,1406838.2818170793,0.0,2181.2070357699376,10.000000000306798,77.87294117962966,1
epsilon_run,1,34.257039070129395,43.751158443927025,1408747.472784692,10.739627253291662,1.073962725303196,1.104827328911751,1.5391045423412297,74.68541683700515,52.45781696112191,3.99999999999992,117.01555245580933,50.16456403407939,1406838.281809553,0.0,2181.20728105056,10.000000000241815,77.8729411791305,1
epsilon_run,1,3.4622180461883545,43.751158443927025,1325765.9685966196,10.3890814806028,1.0389081480602804,0.9348663817378458,1.4806802467671332,67.35858519566034,52.45781695920255,3.576844276147594,107.38907358959706,39.468166289031785,1325765.9679630913,0.0,1967.0596071390516,9.999999999999995,76.99999999915221,1
epsilon_run,1,2.5805177688598633,43.751158443927025,1242784.4644085467,10.207113543953913,1.0207113543953907,0.8812889271170807,1.4503522573256515,64.6601482368938,52.45781695920259,2.933541401075267,103.56370330274005,33.77204139924447,1242784.1119697297,0.0,1903.7710686684338,10.000000000000005,77.00001481815568,1
epsilon_run,1,3.028542995452881,43.751158443927025,1159802.9602204743,10.370436061730738,1.0370436061730737,0.8463902807972493,1.4775726769551227,63.33087942231895,52.45781695920257,2.39624830495188,102.62557099102044,30.41008873777836,1159802.304241127,0.0,1885.2131682021466,10.0,76.18923911715268,1
epsilon_run,1,1.5449471473693848,43.751158443927025,1076821.4560324016,10.39850713997857,1.039850713997857,0.846040886786896,1.4822511899964281,63.111676617040075,52.45781695920258,2.3613384345159956,102.61985800736431,30.137530149507274,1152045.1197998936,0.0,1882.3334170245846,10.0,76.05422421018429,0
epsilon_run,1,0.9937939643859863,43.751158443927025,993839.951844329,10.398507139978575,1.039850713997856,0.8460408867868962,1.4822511899964281,63.111676617040075,52.45781695920258,2.3613384345159956,102.61985800736427,30.137530149507242,1152045.1197998938,0.0,1882.3334170245835,10.000000000000016,76.05422421018426,1
epsilon_run,1,1.9253268241882324,43.751158443927025,910858.4476562564,10.398507139978575,1.0398507139978568,0.846040886786896,1.4822511899964281,63.111676617040075,52.45781695920258,2.3613384345159956,102.61985800736433,30.137530149507278,1152045.1197998936,0.0,1882.3334170245848,10.000000000000007,76.05422421018429,0
epsilon_run,1,1.0535759925842285,43.751158443927025,827876.9434681837,10.39850713997857,1.039850713997857,0.8460408867868966,1.4822511899964281,63.111676617040075,52.45781695920258,2.3613384345159956,102.61985800736431,30.13753014950727,1152045.1197998936,0.0,1882.3334170245844,10.0,76.05422421018429,0
epsilon_run,1,0.9890110492706299,43.751158443927025,744895.4392801111,10.398507139978562,1.0398507139978572,0.8460408867868967,1.4822511899964281,63.111676617040075,52.45781695920258,2.3613384345159956,102.61985800736433,30.137530149507292,1152045.1197998936,0.0,1882.333417024585,9.999999999999991,76.0542242101843,0
epsilon_run,1,1.0609548091888428,43.751158443927025,661913.9350920386,10.39850713997856,1.0398507139978574,0.8460408867868966,1.4822511899964281,63.111676617040075,52.45781695920258,2.3613384345159956,102.61985800736434,30.137530149507302,1152045.1197998933,0.0,1882.3334170245853,9.999999999999988,76.0542242101843,0
epsilon_run,1,0.9738297462463379,43.751158443927025,578932.430903966,10.398507139978559,1.0398507139978574,0.8460408867868966,1.4822511899964281,63.111676617040075,52.45781695920258,2.3613384345159956,102.61985800736433,30.1375301495073,1152045.1197998936,0.0,1882.333417024585,9.999999999999986,76.0542242101843,0
epsilon_run,1,49.55076599121094,47.56960832126451,1491728.9769727646,10.923117397216874,1.0923117396140776,1.1054926133561687,1.5696862329227352,74.10453720377107,52.45781696162779,3.9999999999999973,117.18105739392203,50.110392458892775,1399962.7001953141,0.0,2182.842642551724,10.000000000985157,77.24504403853472,1
epsilon_run,1,57.542234659194946,47.56960832126451,1408747.472784692,10.923117460083427,1.0923117458895475,1.1054928217359392,1.5696862433550889,74.10453742646399,52.45781695942257,3.9999999999997713,117.18105809813618,50.110392455446735,1399962.7001577548,0.0,2182.842665437684,10.000000001087558,77.24504403815799,1
epsilon_run,1,3.4558589458465576,47.56960832126451,1325765.9685966196,10.389081406872716,1.0389081406872713,0.9348666018769967,1.4806802344787853,67.35858392596685,52.457816959202596,3.5768444600852614,107.3890736089316,39.468165467022025,1325765.9682598917,0.0,1967.0595815747836,10.000000000000002,77.00000000160762,1
epsilon_run,1,2.6651837825775146,47.56960832126451,1242784.4644085467,10.207113478133653,1.0207113478133647,0.8812877656019835,1.450352246355608,64.66014861168644,52.45781695920256,2.9335414351792974,103.56370334421331,33.77204634393036,1242784.1142563922,0.0,1903.7710573213421,10.000000000000005,77.00001494216067,1
epsilon_run,1,3.0514798164367676,47.56960832126451,1159802.9602204743,10.370436054105319,1.0370436054105319,0.846390282165006,1.4775726756842196,63.330879482915286,52.45781695920257,2.3962483006773274,102.62557099115492,30.410088736591852,1159802.3042573319,0.0,1885.2131690075328,10.0,76.18923915412071,1
epsilon_run,1,1.5389299392700195,47.56960832126451,1076821.4560324016,10.39850713823504,1.0398507138235042,0.8460408878259352,1.4822511897058401,63.11167663058558,52.45781695920257,2.36133843358932,102.61985800741121,30.137530146150684,1152045.1198088338,0.0,1882.3334172013986,9.999999999999998,76.054224218539,0
epsilon_run,1,1.054279088973999,47.56960832126451,993839.951844329,10.39850713823504,1.0398507138235051,0.8460408878259353,1.4822511897058401,63.11167663058558,52.45781695920257,2.36133843358932,102.61985800741121,30.137530146150706,1152045.1198088338,0.0,1882.3334172013992,9.99999999999999,76.05422421853902,0
epsilon_run,1,0.9782290458679199,47.56960832126451,910858.4476562564,10.398507138235043,1.039850713823505,0.8460408878259357,1.4822511897058401,63.11167663058558,52.45781695920257,2.36133843358932,102.61985800741121,30.137530146150688,1152045.1198088338,0.0,1882.333417201399,9.999999999999995,76.054224218539,0
epsilon_run,1,0.9854059219360352,47.56960832126451,827876.9434681837,10.398507138235047,1.0398507138235051,0.846040887825936,1.4822511897058401,63.11167663058558,52.45781695920257,2.36133843358932,102.61985800741121,30.137530146150688,1152045.1198088338,0.0,1882.333417201399,9.999999999999996,76.054224218539,0
epsilon_run,1,0.9820430278778076,47.56960832126451,744895.4392801111,10.39850713823506,1.039850713823505,0.8460408878259363,1.4822511897058401,63.11167663058558,52.45781695920257,2.36133843358932,102.6198580074112,30.137530146150674,1152045.1198088338,0.0,1882.3334172013988,10.00000000000001,76.054224218539,1
epsilon_run,1,1.0537338256835938,47.56960832126451,661913.9350920386,10.398507138235066,1.0398507138235054,0.846040887825936,1.4822511897058401,63.11167663058558,52.45781695920257,2.36133843358932,102.61985800741121,30.137530146150688,1152045.1198088338,0.0,1882.3334172013995,10.000000000000012,76.05422421853902,0
epsilon_run,1,0.9930849075317383,47.56960832126451,578932.430903966,10.398507138235066,1.0398507138235058,0.8460408878259362,1.4822511897058401,63.11167663058558,52.45781695920257,2.36133843358932,102.61985800741124,30.137530146150702,1152045.1198088338,0.0,1882.3334172013997,10.000000000000009,76.05422421853902,0
epsilon_run,1,35.1101291179657,51.388058198601996,1491728.9769727646,11.260049215850621,1.1260049215317829,1.1109206702943815,1.6258415359811451,77.6075260484561,52.457816960531815,3.9999999999996874,123.07231786557935,56.08568700374658,1412381.0851064133,0.0,2328.5061447662288,10.00000000047317,77.43238235043253,1
epsilon_run,1,22.021456241607666,51.388058198601996,1408747.472784692,11.18105386435716,1.1181053840091524,1.1089028913550176,1.61267564471764,76.33371027936062,52.457816987510974,3.9999999999998797,121.00642652580638,53.9782929737742,1408066.8364587713,0.0,2277.8598276365583,10.000000021702458,77.24320623091855,1
epsilon_run,1,3.550913095474243,51.388058198601996,1325765.9685966196,10.38904739511267,1.0389047395112663,0.9348148844756768,1.4806745658521105,67.35818051311514,52.45781695920258,3.5769073695746436,107.38906961936712,39.46835397061286,1325765.9251983487,0.0,1967.0477984708145,10.000000000000007,77.0000012363864,1
epsilon_run,1,2.7262368202209473,51.388058198601996,1242784.4644085467,10.207113478234092,1.0207113478234087,0.8812880355704372,1.4503522463723482,64.66014861454006,52.45781695920256,2.93354141402933,103.56370330965224,33.77204516678981,1242784.1133235435,0.0,1903.771061082307,10.000000000000005,77.00001498266462,1
epsilon_run,1,2.9696238040924072,51.388058198601996,1159802.9602204743,10.370436055691936,1.0370436055691934,0.8463902817730591,1.4775726759486556,63.33087947027708,52.45781695920256,2.3962483015684337,102.62557099112212,30.41008873729426,1159802.3042532804,0.0,1885.2131688393895,10.000000000000002,76.18923914642258,1
epsilon_run,1,2.556262969970703,51.388058198601996,1076821.4560324016,10.398507138597928,1.0398507138597926,0.8460408875271107,1.482251189766321,63.11167662776622,52.457816959202574,2.361338433774445,102.61985800739811,30.137530147164213,1152045.1198053132,0.0,1882.333417164592,10.000000000000002,76.05422421680005,0
epsilon_run,1,0.9881250858306885,51.388058198601996,993839.951844329,10.398507138597926,1.0398507138597917,0.8460408875271107,1.482251189766321,63.11167662776622,52.457816959202574,2.361338433774445,102.61985800739808,30.137530147164195,1152045.1198053134,0.0,1882.333417164591,10.000000000000009,76.05422421680005,0
epsilon_run,1,0.9012134075164795,51.388058198601996,910858.4476562564,10.398507138597926,1.0398507138597903,0.8460408875271104,1.482251189766321,63.11167662776622,52.457816959202574,2.361338433774445,102.61985800739805,30.137530147164156,1152045.1198053136,0.0,1882.3334171645897,10.000000000000023,76.05422421680002,0
epsilon_run,1,0.9086649417877197,51.388058198601996,827876.9434681837,10.39850713859793,1.03985071385979,0.8460408875271104,1.482251189766321,63.11167662776622,52.457816959202574,2.361338433774445,102.61985800739802,30.13753014716415,1152045.1198053136,0.0,1882.3334171645895,10.000000000000028,76.05422421680002,0
epsilon_run,1,0.9741020202636719,51.388058198601996,744895.4392801111,10.398507138597925,1.0398507138597888,0.8460408875271104,1.482251189766321,63.11167662776622,52.457816959202574,2.361338433774445,102.61985800739801,30.137530147164135,1152045.1198053136,0.0,1882.333417164589,10.000000000000036,76.05422421680002,1
epsilon_run,1,0.9071319103240967,51.388058198601996,661913.9350920386,10.398507138597918,1.0398507138597899,0.8460408875271103,1.482251189766321,63.11167662776622,52.457816959202574,2.361338433774445,102.61985800739805,30.137530147164163,1152045.1198053136,0.0,1882.3334171645902,10.000000000000018,76.05422421680002,0
epsilon_run,1,0.9118959903717041,51.388058198601996,578932.430903966,10.398507138597925,1.039850713859789,0.8460408875271099,1.4822511897663209,63.11167662776622,52.457816959202574,2.361338433774445,102.61985800739802,30.13753014716414,1152045.1198053136,0.0,1882.3334171645893,10.000000000000034,76.05422421680002,0
epsilon_run,1,50.26670813560486,55.206508075939475,1491728.9769727646,11.287096859418217,1.1287096858518713,1.1116701770183242,1.6303494766728406,78.02503168176155,52.45781696054539,3.9999999999999925,123.78638774793978,56.80615929224398,1413512.2195350921,0.0,2345.803747842406,10.00000000079693,77.49499484347558,1
epsilon_run,1,29.626436233520508,55.206508075939475,1408747.472784692,11.342444123258595,1.1342444110971484,1.1111618955301998,1.639574020739643,76.89765352293692,52.45781702888537,3.999999999999807,122.61019817206456,55.48185010743142,1407011.6372071947,0.0,2315.7858287376703,10.00000001083286,77.04397459372028,0
epsilon_run,1,3.6268351078033447,55.206508075939475,1325765.9685966196,10.389081108776013,1.038908110877601,0.9348637567001364,1.480680184796002,67.35858317850602,52.45781695920257,3.5768447310100364,107.38907363147828,39.46817631303955,1325765.9685664312,0.0,1967.059477210938,10.000000000000002,77.00000000095753,1
epsilon_run,1,2.643298864364624,55.206508075939475,1242784.4644085467,10.207113543451452,1.0207113543451454,0.8812889274241338,1.4503522572419092,64.66014823710918,52.457816959202574,2.933541400639851,103.56370330114576,33.772041395414334,1242784.1119274036,0.0,1903.7710686584583,9.999999999999998,77.00001481993542,1
epsilon_run,1,3.048490047454834,55.206508075939475,1159802.9602204743,10.370436061720056,1.0370436061720054,0.8463902807919823,1.4775726769533426,63.33087942240178,52.45781695920257,2.3962483049460057,102.62557099102031,30.41008873780715,1159802.304241104,0.0,1885.2131682032366,10.000000000000002,76.18923911720404,1
epsilon_run,1,1.779080867767334,55.206508075939475,1076821.4560324016,10.398507139976125,1.0398507139976123,0.846040886782823,1.4822511899960205,63.11167661705903,52.45781695920259,2.3613384345141855,102.61985800736413,30.137530149523673,1152045.119799796,0.0,1882.333417024831,10.000000000000002,76.05422421019598,0
epsilon_run,1,0.9035398960113525,55.206508075939475,993839.951844329,10.398507139976127,1.0398507139976128,0.8460408867828224,1.4822511899960205,63.11167661705903,52.45781695920259,2.3613384345141855,102.61985800736414,30.137530149523684,1152045.119799796,0.0,1882.3334170248315,10.0,76.054224210196,0
epsilon_run,1,0.9891772270202637,55.206508075939475,910858.4476562564,10.398507139976127,1.0398507139976116,0.8460408867828221,1.4822511899960205,63.11167661705903,52.45781695920259,2.3613384345141855,102.6198580073641,30.13753014952365,1152045.1197997963,0.0,1882.3334170248302,10.00000000000001,76.05422421019598,0
epsilon_run,1,0.9826271533966064,55.206508075939475,827876.9434681837,10.398507139976129,1.0398507139976114,0.8460408867828222,1.4822511899960205,63.11167661705903,52.45781695920259,2.361338434514185,102.6198580073641,30.137530149523652,1152045.1197997963,0.0,1882.3334170248306,10.000000000000014,76.05422421019598,0
epsilon_run,1,0.9796578884124756,55.206508075939475,744895.4392801111,10.39850713997614,1.039850713997611,0.8460408867828222,1.4822511899960205,63.11167661705903,52.45781695920259,2.361338434514185,102.61985800736409,30.137530149523627,1152045.1197997963,0.0,1882.3334170248297,10.000000000000028,76.05422421019598,1
epsilon_run,1,0.9864659309387207,55.206508075939475,661913.9350920386,10.398507139976148,1.039850713997611,0.8460408867828219,1.4822511899960205,63.11167661705903,52.45781695920259,2.3613384345141846,102.6198580073641,30.13753014952363,1152045.119799796,0.0,1882.33341702483,10.000000000000037,76.05422421019598,0
epsilon_run,1,1.060516119003296,55.206508075939475,578932.430903966,10.398507139976145,1.0398507139976119,0.8460408867828217,1.4822511899960205,63.11167661705903,52.45781695920259,2.3613384345141846,102.61985800736414,30.137530149523663,1152045.1197997958,0.0,1882.333417024831,10.000000000000025,76.05422421019598,0
epsilon_run,1,57.14513635635376,59.02495795327696,1491728.9769727646,11.353124088065805,1.135312408765083,1.113100533621784,1.6413540147473045,78.61341311965307,52.45781696135114,3.999999999999928,124.9879689504307,57.983573179061956,1414117.0064698404,0.0,2374.4195914453912,10.000000000365516,77.52591718606072,1
epsilon_run,1,3.363837957382202,59.02495795327696,1325765.9685966196,10.389074286954996,1.0389074286954998,0.9348563551950126,1.480679047825833,67.35849817863144,52.45781695920259,3.5768577082321187,107.38907245639697,39.46820224897869,1325765.9535030872,0.0,1967.057101835813,9.999999999999998,77.0000001222986,1
epsilon_run,1,2.5747058391571045,59.02495795327696,1242784.4644085467,10.20711360682191,1.020711360682191,0.8812893740171573,1.4503522678036513,64.66014786538075,52.45781695920256,2.9335414202751755,103.56370334598111,33.772039560533024,1242784.1119890246,0.0,1903.7710701644376,10.0,77.00001459816444,1
epsilon_run,1,3.041139841079712,59.02495795327696,1159802.9602204743,10.370436065115207,1.0370436065115207,0.8463902804507216,1.477572677519201,63.33087939549663,52.45781695920257,2.396248306844969,102.62557099097248,30.41008873719954,1159802.3042355857,0.0,1885.213167846061,10.0,76.18923910075988,1
epsilon_run,1,1.686859130859375,59.02495795327696,1076821.4560324016,10.398507140752141,1.0398507140752142,0.8460408865262601,1.4822511901253566,63.1116766110304,52.45781695920257,2.3613384349459503,102.61985800735161,30.13753015023235,1152045.119799955,0.0,1882.33341694615,9.999999999999998,76.0542242064776,0
epsilon_run,1,0.9052512645721436,59.02495795327696,993839.951844329,10.398507140752152,1.0398507140752136,0.8460408865262603,1.4822511901253566,63.1116766110304,52.45781695920257,2.3613384349459503,102.61985800735155,30.1375301502323,1152045.1197999553,0.0,1882.3334169461486,10.000000000000016,76.05422420647758,0
epsilon_run,1,0.9025552272796631,59.02495795327696,910858.4476562564,10.398507140752152,1.0398507140752133,0.8460408865262604,1.4822511901253566,63.1116766110304,52.45781695920257,2.3613384349459503,102.61985800735158,30.137530150232323,1152045.1197999553,0.0,1882.333416946149,10.000000000000018,76.0542242064776,0
epsilon_run,1,0.8981871604919434,59.02495795327696,827876.9434681837,10.398507140752159,1.0398507140752133,0.8460408865262603,1.4822511901253566,63.1116766110304,52.45781695920257,2.3613384349459503,102.61985800735155,30.1375301502323,1152045.1197999555,0.0,1882.3334169461486,10.000000000000025,76.05422420647758,0
epsilon_run,1,0.9773480892181396,59.02495795327696,744895.4392801111,10.398507140752178,1.0398507140752125,0.84604088652626,1.482251190125356,63.1116766110304,52.45781695920257,2.3613384349459503,102.61985800735152,30.137530150232276,1152045.1197999553,0.0,1882.3334169461482,10.000000000000052,76.0542242064776,0
epsilon_run,1,0.9827430248260498,59.02495795327696,661913.9350920386,10.398507140752178,1.0398507140752127,0.8460408865262599,1.482251190125356,63.1116766110304,52.45781695920257,2.3613384349459503,102.61985800735152,30.137530150232273,1152045.1197999557,0.0,1882.3334169461482,10.00000000000005,76.0542242064776,1
epsilon_run,1,0.99275803565979,59.02495795327696,578932.430903966,10.398507140752193,1.0398507140752125,0.8460408865262599,1.4822511901253557,63.1116766110304,52.45781695920257,2.3613384349459503,102.61985800735151,30.13753015023226,1152045.1197999553,0.0,1882.3334169461475,10.000000000000066,76.0542242064776,1
epsilon_run,1,61.581717014312744,62.84340783061444,1491728.9769727646,11.374346067866586,1.1374346067175862,1.1132206454464084,1.6448910113384705,78.50235444511793,52.45781696396192,3.9999999999999867,124.96222970585909,57.928848911778246,1413098.0412614339,0.0,2373.501936715675,10.000000000607265,77.4475238451702,0
epsilon_run,1,36.25702404975891,62.84340783061444,1408747.472784692,11.490451317379607,1.1490451314292034,1.1140218638787227,1.664241887782382,77.90034426663232,52.457817116677454,3.9999999999999236,124.83477417198873,57.63896246046189,1407467.3898460234,0.0,2368.7383847847427,10.000000002687077,77.02348779065497,0
epsilon_run,1,3.4045090675354004,62.84340783061444,1325765.9685966196,10.387831640879362,1.0387831640879361,0.9351516194314742,1.4804719401465603,67.34105551671183,52.4578169592026,3.579463081024691,107.38903403291417,39.46687760296331,1325765.2593086127,0.0,1966.6244961963835,10.0,77.00002295736267,1
epsilon_run,1,2.5687050819396973,62.84340783061444,1242784.4644085467,10.207113561330463,1.0207113561330463,0.8812927824648719,1.4503522602217438,64.66014822329277,52.45781695920256,2.93354111516361,103.56370285300073,33.7720246554641,1242784.0997492766,0.0,1903.7711219480075,10.0,77.00001533200111,1
epsilon_run,1,3.0402519702911377,62.84340783061444,1159802.9602204743,10.370436084651665,1.0370436084651666,0.8463902753049224,1.4775726807752774,63.33087923978896,52.45781695920258,2.396248317822483,102.62557099055397,30.410088747204473,1159802.3041836696,0.0,1885.2131657739703,9.999999999999998,76.18923900595185,1
epsilon_run,1,1.6183552742004395,62.84340783061444,1076821.4560324016,10.398507145220767,1.0398507145220766,0.8460408826007233,1.4822511908701275,63.11167657631209,52.457816959202574,2.361338437202561,102.61985800718051,30.13753016365055,1152045.1197516643,0.0,1882.3334164928851,10.000000000000002,76.05422418506359,0
epsilon_run,1,1.0726428031921387,62.84340783061444,993839.951844329,10.398507145220771,1.0398507145220757,0.8460408826007234,1.4822511908701275,63.11167657631209,52.457816959202574,2.361338437202561,102.61985800718048,30.137530163650524,1152045.1197516646,0.0,1882.3334164928847,10.000000000000014,76.05422418506359,1
epsilon_run,1,1.038470983505249,62.84340783061444,910858.4476562564,10.39850714522077,1.0398507145220757,0.8460408826007235,1.4822511908701275,63.11167657631209,52.457816959202574,2.361338437202561,102.6198580071805,30.137530163650524,1152045.1197516648,0.0,1882.333416492885,10.000000000000012,76.05422418506359,1
epsilon_run,1,0.9123330116271973,62.84340783061444,827876.9434681837,10.39850714522076,1.0398507145220757,0.8460408826007234,1.4822511908701275,63.11167657631209,52.457816959202574,2.361338437202561,102.6198580071805,30.13753016365054,1152045.1197516646,0.0,1882.3334164928851,10.000000000000004,76.05422418506359,0
epsilon_run,1,0.9086999893188477,62.84340783061444,744895.4392801111,10.39850714522076,1.0398507145220752,0.8460408826007239,1.4822511908701275,63.11167657631209,52.457816959202574,2.361338437202561,102.6198580071805,30.13753016365053,1152045.1197516646,0.0,1882.333416492885,10.000000000000007,76.05422418506359,0
epsilon_run,1,1.0717201232910156,62.84340783061444,661913.9350920386,10.398507145220753,1.039850714522076,0.8460408826007242,1.4822511908701275,63.11167657631209,52.457816959202574,2.361338437202561,102.61985800718051,30.13753016365055,1152045.1197516643,0.0,1882.3334164928854,9.999999999999995,76.05422418506359,0
epsilon_run,1,0.9819960594177246,62.84340783061444,578932.430903966,10.398507145220757,1.0398507145220757,0.8460408826007241,1.4822511908701275,63.11167657631209,52.457816959202574,2.361338437202561,102.61985800718048,30.137530163650524,1152045.1197516646,0.0,1882.3334164928842,10.0,76.05422418506357,1
